block_time,liquidator,user,collateral_asset,debt_asset,collateral_amount,debt_repaid,health_factor
2023-01-30 19:11:47.000 UTC,0x3697e949a4d9a507a6ce2f6ff6bb99bcc8eacb81,0x23db246031fd6f4e81b0814e9c1dc0901a18da2d,0xc02aaa39b223fe8d0a0e5c4f27ead9083c756cc2,0x6b175474e89094c44da98b954eedeac495271d0f,0.8574635374195129,1265.8837257476184,
2023-02-09 03:05:59.000 UTC,0x3697e949a4d9a507a6ce2f6ff6bb99bcc8eacb81,0x87a6cd60c74b7c70b7443ff4632118ccfe650d9d,0xc02aaa39b223fe8d0a0e5c4f27ead9083c756cc2,0xa0b86991c6218b36c1d19d4a2e9eb0ce3606eb48,1.2154008332894684,1.883936835e-9,
2023-02-09 19:33:47.000 UTC,0xd050e0a4838d74769228b49dff97241b4ef3805d,0xbec69dfce4c1fa8b7843fee1ca85788d84a86b06,0xc02aaa39b223fe8d0a0e5c4f27ead9083c756cc2,0xa0b86991c6218b36c1d19d4a2e9eb0ce3606eb48,50.78793432347732,7.5876887134e-8,
2023-02-13 09:54:47.000 UTC,0x3697e949a4d9a507a6ce2f6ff6bb99bcc8eacb81,0x69bfc96c3983053c36e790c7eb79372bf6979518,0xc02aaa39b223fe8d0a0e5c4f27ead9083c756cc2,0xa0b86991c6218b36c1d19d4a2e9eb0ce3606eb48,0.3022164904654845,4.29480501e-10,
2023-03-03 21:20:35.000 UTC,0xacc0e971c273af3f49f82029ad297d0898d8a266,0x5ec38fa1aba800ad9745553afcee2e538a11048a,0xc02aaa39b223fe8d0a0e5c4f27ead9083c756cc2,0x6b175474e89094c44da98b954eedeac495271d0f,1.7254137537965952,2563.4136902770006,
2023-03-09 18:29:11.000 UTC,0xacc0e971c273af3f49f82029ad297d0898d8a266,0x8727aeb7d755ad9b23033e140516d5fb81f60c9a,0x2260fac5e5542a773aa44fbcfedf7c193bc2c599,0xdac17f958d2ee523a2206206994597c13d831ec7,9.951043e-12,2.011366463e-9,
2023-03-09 18:30:59.000 UTC,0xac9683c436e4acca9e6d9653ce13016e8e2ac3d0,0x7ed571262cdae3367af4fa621ab0f480d7242409,0xc02aaa39b223fe8d0a0e5c4f27ead9083c756cc2,0xdac17f958d2ee523a2206206994597c13d831ec7,1.333621755008499,1.936792666e-9,
2023-03-09 19:06:35.000 UTC,0xac9683c436e4acca9e6d9653ce13016e8e2ac3d0,0xae1704ea3747e4861fb7283a9eaa8c70b925295c,0xc02aaa39b223fe8d0a0e5c4f27ead9083c756cc2,0xa0b86991c6218b36c1d19d4a2e9eb0ce3606eb48,1.546269971353373,2.214095449e-9,
2023-03-09 20:15:23.000 UTC,0xacc0e971c273af3f49f82029ad297d0898d8a266,0xac09bfb56d8fb953e0adc74dfd01f9a5346894b5,0x2260fac5e5542a773aa44fbcfedf7c193bc2c599,0x6b175474e89094c44da98b954eedeac495271d0f,1.0760887e-11,2112.7690506321087,
2023-03-09 20:44:23.000 UTC,0x0edc1e3a69ff68cf34bdffa83f2f69d2c48170a1,0xf38c5c71cf44dcdd0a3d5c8513aa8d1e8e4c3c05,0xc02aaa39b223fe8d0a0e5c4f27ead9083c756cc2,0xa0b86991c6218b36c1d19d4a2e9eb0ce3606eb48,26.043504552917767,3.6070627636e-8,
2023-03-09 20:44:23.000 UTC,0xac9683c436e4acca9e6d9653ce13016e8e2ac3d0,0xde092a220313cede58750434b66d46b5ff494cbb,0xc02aaa39b223fe8d0a0e5c4f27ead9083c756cc2,0xa0b86991c6218b36c1d19d4a2e9eb0ce3606eb48,1.7264862172571753,2.391208193e-9,
2023-03-09 20:44:35.000 UTC,0x80d4230c0a68fc59cb264329d3a717fcaa472a13,0xb18320796a1d2c3ebe65edce7e78eb6a97bafd73,0xc02aaa39b223fe8d0a0e5c4f27ead9083c756cc2,0xa0b86991c6218b36c1d19d4a2e9eb0ce3606eb48,3.9804549929836806,5.512987301e-9,
2023-03-09 20:50:59.000 UTC,0xac9683c436e4acca9e6d9653ce13016e8e2ac3d0,0x5ec38fa1aba800ad9745553afcee2e538a11048a,0xc02aaa39b223fe8d0a0e5c4f27ead9083c756cc2,0xa0b86991c6218b36c1d19d4a2e9eb0ce3606eb48,1.0976098783950101,1.510292228e-9,
2023-03-09 20:59:23.000 UTC,0xac9683c436e4acca9e6d9653ce13016e8e2ac3d0,0x05cfd4b9b37f4f8736b6da569fb4262d36f57f56,0xc02aaa39b223fe8d0a0e5c4f27ead9083c756cc2,0xa0b86991c6218b36c1d19d4a2e9eb0ce3606eb48,2.3137356020901914,3.134414299e-9,
2023-03-09 21:50:59.000 UTC,0xac9683c436e4acca9e6d9653ce13016e8e2ac3d0,0x87a6cd60c74b7c70b7443ff4632118ccfe650d9d,0xc02aaa39b223fe8d0a0e5c4f27ead9083c756cc2,0xa0b86991c6218b36c1d19d4a2e9eb0ce3606eb48,0.6888102783468286,9.44202219e-10,
2023-03-09 22:26:11.000 UTC,0xac9683c436e4acca9e6d9653ce13016e8e2ac3d0,0x23db246031fd6f4e81b0814e9c1dc0901a18da2d,0xc02aaa39b223fe8d0a0e5c4f27ead9083c756cc2,0xa0b86991c6218b36c1d19d4a2e9eb0ce3606eb48,0.5111237122412575,7.05169245e-10,
2023-03-10 00:25:59.000 UTC,0xacc0e971c273af3f49f82029ad297d0898d8a266,0x752f33363a7792b39c9423baf020df48ea450029,0x7f39c581f595b53c5cb19bd0b3f8da6c935e2ca0,0xa0b86991c6218b36c1d19d4a2e9eb0ce3606eb48,0.8174192040437298,1.218741315e-9,
2023-03-10 00:26:59.000 UTC,0xacc0e971c273af3f49f82029ad297d0898d8a266,0xae1704ea3747e4861fb7283a9eaa8c70b925295c,0xc02aaa39b223fe8d0a0e5c4f27ead9083c756cc2,0xdac17f958d2ee523a2206206994597c13d831ec7,1.331810290260498,1.815687514e-9,
2023-03-10 01:18:11.000 UTC,0x80d4230c0a68fc59cb264329d3a717fcaa472a13,0x3c2da26ceaccfe91178d5cc4c028c963acc490cd,0xae78736cd615f374d3085123a210448e74fc6393,0x5f98805a4e8be255a32880fdec7f6728c6568ba0,2.0542736843746803,2877.727070331874,
2023-03-10 06:46:47.000 UTC,0xac9683c436e4acca9e6d9653ce13016e8e2ac3d0,0x0d180d497722db56ddb2953f3b76ec435c76b489,0xc02aaa39b223fe8d0a0e5c4f27ead9083c756cc2,0xa0b86991c6218b36c1d19d4a2e9eb0ce3606eb48,0.4117347030873521,5.56622601e-10,
2023-03-10 06:46:47.000 UTC,0xac9683c436e4acca9e6d9653ce13016e8e2ac3d0,0x7e16bfa814f0c91defc26d8bbb8d36bd65820867,0xc02aaa39b223fe8d0a0e5c4f27ead9083c756cc2,0xa0b86991c6218b36c1d19d4a2e9eb0ce3606eb48,0.44456275997993233,6.01002728e-10,
2023-03-10 07:16:47.000 UTC,0xac9683c436e4acca9e6d9653ce13016e8e2ac3d0,0x23db246031fd6f4e81b0814e9c1dc0901a18da2d,0xc02aaa39b223fe8d0a0e5c4f27ead9083c756cc2,0x6b175474e89094c44da98b954eedeac495271d0f,0.47357501895623183,634.9862017757335,
2023-03-10 07:18:11.000 UTC,0xac9683c436e4acca9e6d9653ce13016e8e2ac3d0,0x1b7a9c831b4f2088fa6eae337088ae2fc9913ef5,0x7f39c581f595b53c5cb19bd0b3f8da6c935e2ca0,0xa0b86991c6218b36c1d19d4a2e9eb0ce3606eb48,0.34551404328414753,5.0388014e-10,
2023-03-10 10:41:23.000 UTC,0xac9683c436e4acca9e6d9653ce13016e8e2ac3d0,0xbe3ae37271685e8b5b7188e3c83d0449da9fc409,0xc02aaa39b223fe8d0a0e5c4f27ead9083c756cc2,0xa0b86991c6218b36c1d19d4a2e9eb0ce3606eb48,4.195782837776005,5.51329223e-9,
2023-03-11 06:42:23.000 UTC,0xacc0e971c273af3f49f82029ad297d0898d8a266,0xc72fe1eba65fc9a14f7236c35b5998fa98452ce0,0xa0b86991c6218b36c1d19d4a2e9eb0ce3606eb48,0xc02aaa39b223fe8d0a0e5c4f27ead9083c756cc2,4.7431636103e-8,28.57054226781504,
2023-03-11 17:24:23.000 UTC,0x80d4230c0a68fc59cb264329d3a717fcaa472a13,0x61626570902dfbdac61bc49d3842836ba93a0ff7,0xc02aaa39b223fe8d0a0e5c4f27ead9083c756cc2,0xa0b86991c6218b36c1d19d4a2e9eb0ce3606eb48,11.93457582668415,1.7500490058e-8,
2023-03-14 05:13:11.000 UTC,0x777777751f9115c5491375c28080e8c8aab99554,0x9073b943c749b85e83390c18cd45df85dcd2e9cc,0xa0b86991c6218b36c1d19d4a2e9eb0ce3606eb48,0x2260fac5e5542a773aa44fbcfedf7c193bc2c599,1.2853676715e-8,5.0010325e-11,
2023-03-22 19:05:47.000 UTC,0x80d4230c0a68fc59cb264329d3a717fcaa472a13,0x2db98d6507f14615cd9b9b287d8109328b6dc209,0x2260fac5e5542a773aa44fbcfedf7c193bc2c599,0xa0b86991c6218b36c1d19d4a2e9eb0ce3606eb48,2.2871912e-11,6.000894202e-9,
2023-03-22 19:48:47.000 UTC,0x777777751f9115c5491375c28080e8c8aab99554,0xff9b90914e248339ab0a50bf4798ef8b012eac79,0xc02aaa39b223fe8d0a0e5c4f27ead9083c756cc2,0xa0b86991c6218b36c1d19d4a2e9eb0ce3606eb48,25.40296380669133,4.1802188647e-8,
2023-03-25 19:09:23.000 UTC,0x80d4230c0a68fc59cb264329d3a717fcaa472a13,0x2db98d6507f14615cd9b9b287d8109328b6dc209,0x2260fac5e5542a773aa44fbcfedf7c193bc2c599,0xa0b86991c6218b36c1d19d4a2e9eb0ce3606eb48,1.1582707e-11,3.001180412e-9,
2023-03-27 15:01:47.000 UTC,0x1a2d11cb90d1de13bb81ee7b772a08ac234a8058,0x2db98d6507f14615cd9b9b287d8109328b6dc209,0xc02aaa39b223fe8d0a0e5c4f27ead9083c756cc2,0x6b175474e89094c44da98b954eedeac495271d0f,1.4692176943025397,2401.043019454958,
2023-04-05 00:57:23.000 UTC,0x777777751f9115c5491375c28080e8c8aab99554,0xc72fe1eba65fc9a14f7236c35b5998fa98452ce0,0xa0b86991c6218b36c1d19d4a2e9eb0ce3606eb48,0xc02aaa39b223fe8d0a0e5c4f27ead9083c756cc2,2.8442869677e-8,14.32477612696268,
2023-04-09 20:20:35.000 UTC,0x594efbe5a71a10a958d812b4c65f3dfa60922a15,0x83f1f94d3f6253ac6762ccf72c57afd8850b5edb,0xa0b86991c6218b36c1d19d4a2e9eb0ce3606eb48,0x2260fac5e5542a773aa44fbcfedf7c193bc2c599,2.928874e-12,1.0031e-14,
2023-04-09 20:21:23.000 UTC,0x594efbe5a71a10a958d812b4c65f3dfa60922a15,0x07ede94cf6316f4809f2b725f5d79ad303fb4dc8,0xa0b86991c6218b36c1d19d4a2e9eb0ce3606eb48,0x2260fac5e5542a773aa44fbcfedf7c193bc2c599,1.26048152e-10,4.31698e-13,
2023-04-13 10:32:11.000 UTC,0xac9683c436e4acca9e6d9653ce13016e8e2ac3d0,0x0bba020af5e1afcd54a2cfd1f109a8c9244a2feb,0xa0b86991c6218b36c1d19d4a2e9eb0ce3606eb48,0xc02aaa39b223fe8d0a0e5c4f27ead9083c756cc2,1.288744231e-9,0.6271688162289437,
2023-04-14 00:30:47.000 UTC,0xac9683c436e4acca9e6d9653ce13016e8e2ac3d0,0xd9a46702e89d63f0b0c5197976088039b9f5dc06,0xa0b86991c6218b36c1d19d4a2e9eb0ce3606eb48,0xc02aaa39b223fe8d0a0e5c4f27ead9083c756cc2,1.526399137e-9,0.7267535939432369,
2023-04-18 01:15:11.000 UTC,0x80d4230c0a68fc59cb264329d3a717fcaa472a13,0xae5ee34994dce7bace81fab0f163895505f92225,0xc02aaa39b223fe8d0a0e5c4f27ead9083c756cc2,0xa0b86991c6218b36c1d19d4a2e9eb0ce3606eb48,3.668757078376949,7.249903778e-9,
2023-04-19 08:11:59.000 UTC,0xacc0e971c273af3f49f82029ad297d0898d8a266,0xff9b90914e248339ab0a50bf4798ef8b012eac79,0xc02aaa39b223fe8d0a0e5c4f27ead9083c756cc2,0xa0b86991c6218b36c1d19d4a2e9eb0ce3606eb48,16.581446064220604,3.2154238329e-8,
2023-04-19 08:50:35.000 UTC,0xacc0e971c273af3f49f82029ad297d0898d8a266,0xae5ee34994dce7bace81fab0f163895505f92225,0xc02aaa39b223fe8d0a0e5c4f27ead9083c756cc2,0xa0b86991c6218b36c1d19d4a2e9eb0ce3606eb48,2.0723538610282866,3.943853368e-9,
2023-04-19 08:54:11.000 UTC,0xacc0e971c273af3f49f82029ad297d0898d8a266,0x23db246031fd6f4e81b0814e9c1dc0901a18da2d,0xc02aaa39b223fe8d0a0e5c4f27ead9083c756cc2,0xa0b86991c6218b36c1d19d4a2e9eb0ce3606eb48,1.8319237935048112,3.486295926e-9,
2023-04-20 00:06:35.000 UTC,0xacc0e971c273af3f49f82029ad297d0898d8a266,0x23db246031fd6f4e81b0814e9c1dc0901a18da2d,0xc02aaa39b223fe8d0a0e5c4f27ead9083c756cc2,0x6b175474e89094c44da98b954eedeac495271d0f,1.5226017908608036,2821.252206093767,
2023-04-21 05:28:11.000 UTC,0xacc0e971c273af3f49f82029ad297d0898d8a266,0x9df12bfe371b308d39277e6377f4117e03ac8cb6,0x7f39c581f595b53c5cb19bd0b3f8da6c935e2ca0,0xc02aaa39b223fe8d0a0e5c4f27ead9083c756cc2,2.2737834495628504,2.5212507537499946,
2023-04-21 06:41:47.000 UTC,0x80d4230c0a68fc59cb264329d3a717fcaa472a13,0xff9b90914e248339ab0a50bf4798ef8b012eac79,0xc02aaa39b223fe8d0a0e5c4f27ead9083c756cc2,0xa0b86991c6218b36c1d19d4a2e9eb0ce3606eb48,9.073041827485772,1.6603794739e-8,
2023-04-21 19:07:35.000 UTC,0x80d4230c0a68fc59cb264329d3a717fcaa472a13,0x35d1ca7a982d65c784361501e0aadb1ab1d4cc1b,0x2260fac5e5542a773aa44fbcfedf7c193bc2c599,0xa0b86991c6218b36c1d19d4a2e9eb0ce3606eb48,1.69980183e-10,4.4293601152e-8,
2023-04-21 19:08:11.000 UTC,0x80d4230c0a68fc59cb264329d3a717fcaa472a13,0xde092a220313cede58750434b66d46b5ff494cbb,0xc02aaa39b223fe8d0a0e5c4f27ead9083c756cc2,0x6b175474e89094c44da98b954eedeac495271d0f,3.451976656817369,6087.622936843984,
2023-04-21 19:08:11.000 UTC,0xd050e0a4838d74769228b49dff97241b4ef3805d,0xff9b90914e248339ab0a50bf4798ef8b012eac79,0xc02aaa39b223fe8d0a0e5c4f27ead9083c756cc2,0xa0b86991c6218b36c1d19d4a2e9eb0ce3606eb48,4.707987297319782,8.302452588e-9,
2023-04-21 20:25:35.000 UTC,0x1a2d11cb90d1de13bb81ee7b772a08ac234a8058,0xae5ee34994dce7bace81fab0f163895505f92225,0xc02aaa39b223fe8d0a0e5c4f27ead9083c756cc2,0xa0b86991c6218b36c1d19d4a2e9eb0ce3606eb48,1.1183866533692686,1.972109275e-9,
2023-04-21 20:26:23.000 UTC,0x04c85b48ea69f2c2ffedb6f23b68f8ba1cf082d5,0x7e9226f4d9cf7aed64d24918477520a70d1b4820,0xba100000625a3754423978a60c9317c58a424e3d,0xa0b86991c6218b36c1d19d4a2e9eb0ce3606eb48,33.56474103351055,1.9203285e-10,
2023-04-21 21:08:35.000 UTC,0x1a2d11cb90d1de13bb81ee7b772a08ac234a8058,0x23db246031fd6f4e81b0814e9c1dc0901a18da2d,0xc02aaa39b223fe8d0a0e5c4f27ead9083c756cc2,0xa0b86991c6218b36c1d19d4a2e9eb0ce3606eb48,0.9886870501541715,1.743288639e-9,
2023-04-23 18:21:59.000 UTC,0x1a2d11cb90d1de13bb81ee7b772a08ac234a8058,0xeb350d4315fa5332a0efac7c2365ca2e414acabd,0xc02aaa39b223fe8d0a0e5c4f27ead9083c756cc2,0xa0b86991c6218b36c1d19d4a2e9eb0ce3606eb48,0.5396385514433404,9.55450321e-10,
2023-04-23 21:04:23.000 UTC,0x33be3a13383a2e5f4c66366f00b73e88a9792efb,0xcce3ada5314481db76709fa69a67166e9434a3b3,0xc02aaa39b223fe8d0a0e5c4f27ead9083c756cc2,0xa0b86991c6218b36c1d19d4a2e9eb0ce3606eb48,0.3039078164198439,5.37472339e-10,
2023-04-25 14:35:23.000 UTC,0x1a2d11cb90d1de13bb81ee7b772a08ac234a8058,0xff9b90914e248339ab0a50bf4798ef8b012eac79,0xc02aaa39b223fe8d0a0e5c4f27ead9083c756cc2,0xa0b86991c6218b36c1d19d4a2e9eb0ce3606eb48,2.397210922054458,4.152266633e-9,
2023-04-25 19:46:47.000 UTC,0x594efbe5a71a10a958d812b4c65f3dfa60922a15,0x91d22f84ca2675808bf3e66eb659728b2067d6e6,0xc02aaa39b223fe8d0a0e5c4f27ead9083c756cc2,0xa0b86991c6218b36c1d19d4a2e9eb0ce3606eb48,0.05363355497892939,9.4219316e-11,
2023-04-26 20:01:47.000 UTC,0x80d4230c0a68fc59cb264329d3a717fcaa472a13,0x05cfd4b9b37f4f8736b6da569fb4262d36f57f56,0xc02aaa39b223fe8d0a0e5c4f27ead9083c756cc2,0xa0b86991c6218b36c1d19d4a2e9eb0ce3606eb48,2.2635103827395846,3.913270934e-9,
2023-04-26 23:25:23.000 UTC,0xac917b7ffb3292bdcb6107c4ee1513afc222acf4,0x238643d4106c7c6206f8dc31acb59cd24c979d12,0xc02aaa39b223fe8d0a0e5c4f27ead9083c756cc2,0x6b175474e89094c44da98b954eedeac495271d0f,0.11368282548699749,203.1370332110668,
2023-05-01 20:42:35.000 UTC,0xacc0e971c273af3f49f82029ad297d0898d8a266,0xff9b90914e248339ab0a50bf4798ef8b012eac79,0xc02aaa39b223fe8d0a0e5c4f27ead9083c756cc2,0xdac17f958d2ee523a2206206994597c13d831ec7,1.6263927374341554,2.819309634e-9,
2023-05-11 12:51:35.000 UTC,0x1a2d11cb90d1de13bb81ee7b772a08ac234a8058,0xff9b90914e248339ab0a50bf4798ef8b012eac79,0xc02aaa39b223fe8d0a0e5c4f27ead9083c756cc2,0xa0b86991c6218b36c1d19d4a2e9eb0ce3606eb48,1.1945951316887236,2.079891997e-9,
2023-05-12 02:56:35.000 UTC,0x50a77ba863dbaa84269133e5625ef80072f1884a,0xde092a220313cede58750434b66d46b5ff494cbb,0xc02aaa39b223fe8d0a0e5c4f27ead9083c756cc2,0x6b175474e89094c44da98b954eedeac495271d0f,4.093957538219815,6943.469193917236,
2023-05-12 03:56:47.000 UTC,0x50a77ba863dbaa84269133e5625ef80072f1884a,0x9cfa5ea1a16712cfcd3a4760bf3fcb63f5b42a29,0xc02aaa39b223fe8d0a0e5c4f27ead9083c756cc2,0x6b175474e89094c44da98b954eedeac495271d0f,1.9316974697765852,3262.653585269703,
2023-05-12 05:51:11.000 UTC,0x80d4230c0a68fc59cb264329d3a717fcaa472a13,0xac09bfb56d8fb953e0adc74dfd01f9a5346894b5,0x2260fac5e5542a773aa44fbcfedf7c193bc2c599,0xdac17f958d2ee523a2206206994597c13d831ec7,1.0129951e-11,2.527521796e-9,
2023-05-25 01:27:23.000 UTC,0x80d4230c0a68fc59cb264329d3a717fcaa472a13,0x7ed571262cdae3367af4fa621ab0f480d7242409,0xc02aaa39b223fe8d0a0e5c4f27ead9083c756cc2,0xdac17f958d2ee523a2206206994597c13d831ec7,6.961249127211782,1.1773826517e-8,
2023-05-25 01:27:35.000 UTC,0x1a2d11cb90d1de13bb81ee7b772a08ac234a8058,0xae5ee34994dce7bace81fab0f163895505f92225,0xc02aaa39b223fe8d0a0e5c4f27ead9083c756cc2,0x6b175474e89094c44da98b954eedeac495271d0f,0.849878976228668,1437.532717407288,
2023-05-31 10:01:47.000 UTC,0x6ff8a0b19bc1275fd7e2075d4de197eb518750fc,0xba006ea5d47eff88efaae09a268d65f2edfb10ae,0x7f39c581f595b53c5cb19bd0b3f8da6c935e2ca0,0xa0b86991c6218b36c1d19d4a2e9eb0ce3606eb48,0.25246871085775296,5.00071369e-10,
2023-06-01 03:04:59.000 UTC,0xd050e0a4838d74769228b49dff97241b4ef3805d,0x7420fa58ba44e1141d5e9adb6903be549f7ce0b5,0xc02aaa39b223fe8d0a0e5c4f27ead9083c756cc2,0xa0b86991c6218b36c1d19d4a2e9eb0ce3606eb48,8.424781743939775,1.4860476733e-8,
2023-06-05 16:00:59.000 UTC,0x80d4230c0a68fc59cb264329d3a717fcaa472a13,0xde092a220313cede58750434b66d46b5ff494cbb,0xc02aaa39b223fe8d0a0e5c4f27ead9083c756cc2,0xa0b86991c6218b36c1d19d4a2e9eb0ce3606eb48,3.600427467439283,6.246642903e-9,
2023-06-05 19:07:11.000 UTC,0x6dce52e318338b0cc30969ada8e0c95d24c37a28,0x3070f20f86fda706ac380f5060d256028a46ec29,0x2260fac5e5542a773aa44fbcfedf7c193bc2c599,0xc02aaa39b223fe8d0a0e5c4f27ead9083c756cc2,4.420835e-12,0.5898490825063332,
2023-06-10 04:24:23.000 UTC,0x80d4230c0a68fc59cb264329d3a717fcaa472a13,0x20ad988487d6a53fea7918657f45fe0bb8fd8183,0x7fc66500c84a76ad7e9c93437bfc5ac33e2ddae9,0xdac17f958d2ee523a2206206994597c13d831ec7,223.13184931664614,1.1037278153e-8,
2023-06-10 04:24:23.000 UTC,0xf35be9a9a0d4b67e776115fa3b6381986379894d,0x3b06bc7b205f1a827f6504244db7a8f5b0bf7dfa,0x1f9840a85d5af5bf1d1762f925bdaddc4201f984,0xdac17f958d2ee523a2206206994597c13d831ec7,5889.349934245474,2.1413170172e-8,
2023-06-10 04:24:35.000 UTC,0x50a77ba863dbaa84269133e5625ef80072f1884a,0x61f41775e63baf8ef689ef03109f9b47908aed21,0xd533a949740bb3306d119cc777fa900ba034cd52,0x6b175474e89094c44da98b954eedeac495271d0f,38675.7709586907,24145.78503788973,
2023-06-10 04:25:35.000 UTC,0x80d4230c0a68fc59cb264329d3a717fcaa472a13,0x7ed571262cdae3367af4fa621ab0f480d7242409,0xc02aaa39b223fe8d0a0e5c4f27ead9083c756cc2,0xdac17f958d2ee523a2206206994597c13d831ec7,3.9022748627173525,6.747017106e-9,
2023-06-10 04:26:47.000 UTC,0x50a77ba863dbaa84269133e5625ef80072f1884a,0x471d2c4d472c5490ffde2c4f7bf902d7e6eed24e,0x7fc66500c84a76ad7e9c93437bfc5ac33e2ddae9,0xa0b86991c6218b36c1d19d4a2e9eb0ce3606eb48,482.2971243205741,2.2628234761e-8,
2023-06-10 05:21:11.000 UTC,0xd050e0a4838d74769228b49dff97241b4ef3805d,0xae1704ea3747e4861fb7283a9eaa8c70b925295c,0xc02aaa39b223fe8d0a0e5c4f27ead9083c756cc2,0xdac17f958d2ee523a2206206994597c13d831ec7,8.183309189478845,1.3872480744e-8,
2023-06-10 05:47:11.000 UTC,0x1a2d11cb90d1de13bb81ee7b772a08ac234a8058,0x23db246031fd6f4e81b0814e9c1dc0901a18da2d,0xc02aaa39b223fe8d0a0e5c4f27ead9083c756cc2,0x6b175474e89094c44da98b954eedeac495271d0f,0.8418840594750039,1417.2859631111144,
2023-06-10 06:20:11.000 UTC,0x80d4230c0a68fc59cb264329d3a717fcaa472a13,0xff9b90914e248339ab0a50bf4798ef8b012eac79,0xc02aaa39b223fe8d0a0e5c4f27ead9083c756cc2,0xdac17f958d2ee523a2206206994597c13d831ec7,0.9409416487315813,1.578237067e-9,
2023-06-10 06:48:35.000 UTC,0x50a77ba863dbaa84269133e5625ef80072f1884a,0x54f9a36bcb815053f8cb37bcb8d7373bfd69c21e,0xc02aaa39b223fe8d0a0e5c4f27ead9083c756cc2,0xdac17f958d2ee523a2206206994597c13d831ec7,1.7150334117047856,2.85232867e-9,
2023-06-10 07:09:47.000 UTC,0x80d4230c0a68fc59cb264329d3a717fcaa472a13,0x01acb3804ba9c42111c6e9c127831eb486ca1ac7,0xc02aaa39b223fe8d0a0e5c4f27ead9083c756cc2,0xa0b86991c6218b36c1d19d4a2e9eb0ce3606eb48,83.68273533608496,1.38470644955e-7,
2023-06-10 07:18:11.000 UTC,0x6dce52e318338b0cc30969ada8e0c95d24c37a28,0x582a6b4c06660dda4578df95224996031251cf8a,0x514910771af9ca656af840dff83e8264ecf986ca,0x5f98805a4e8be255a32880fdec7f6728c6568ba0,110.3624943859895,515.6049761269219,
2023-06-10 08:03:47.000 UTC,0x80d4230c0a68fc59cb264329d3a717fcaa472a13,0xc8bfba0bcfd9a42d363881199b33c28437fc38bb,0xc02aaa39b223fe8d0a0e5c4f27ead9083c756cc2,0xdac17f958d2ee523a2206206994597c13d831ec7,6.422480378794108,1.0576119224e-8,
2023-06-10 09:49:23.000 UTC,0x80d4230c0a68fc59cb264329d3a717fcaa472a13,0x1b7a9c831b4f2088fa6eae337088ae2fc9913ef5,0x7f39c581f595b53c5cb19bd0b3f8da6c935e2ca0,0x6b175474e89094c44da98b954eedeac495271d0f,0.6058979241501707,1117.9722369116892,
2023-06-10 13:12:23.000 UTC,0x50a77ba863dbaa84269133e5625ef80072f1884a,0x64537fda38e99d24919967f65812695cf3a5d8f0,0x514910771af9ca656af840dff83e8264ecf986ca,0xa0b86991c6218b36c1d19d4a2e9eb0ce3606eb48,377.3011103848189,1.755583746e-9,
2023-06-10 15:14:11.000 UTC,0xe9761f280e603ef4ca35b9ec195cdc1acbfb3965,0x2db98d6507f14615cd9b9b287d8109328b6dc209,0xa0b86991c6218b36c1d19d4a2e9eb0ce3606eb48,0xdac17f958d2ee523a2206206994597c13d831ec7,1.181683254e-9,1.140886465e-9,
2023-06-14 20:05:47.000 UTC,0x80d4230c0a68fc59cb264329d3a717fcaa472a13,0xde092a220313cede58750434b66d46b5ff494cbb,0xc02aaa39b223fe8d0a0e5c4f27ead9083c756cc2,0x6b175474e89094c44da98b954eedeac495271d0f,2.1063675864436098,3436.168262422311,
2023-06-14 20:06:11.000 UTC,0x50a77ba863dbaa84269133e5625ef80072f1884a,0x8f101fc8479fd1d7c230d37b7a23fee09084aebd,0xc02aaa39b223fe8d0a0e5c4f27ead9083c756cc2,0x6b175474e89094c44da98b954eedeac495271d0f,1.3036045964213134,2113.7094007879514,
2023-06-14 20:06:23.000 UTC,0x80d4230c0a68fc59cb264329d3a717fcaa472a13,0x7420fa58ba44e1141d5e9adb6903be549f7ce0b5,0xc02aaa39b223fe8d0a0e5c4f27ead9083c756cc2,0xa0b86991c6218b36c1d19d4a2e9eb0ce3606eb48,4.809563968618993,7.796643819e-9,
2023-06-14 20:07:11.000 UTC,0x50a77ba863dbaa84269133e5625ef80072f1884a,0xae1704ea3747e4861fb7283a9eaa8c70b925295c,0xc02aaa39b223fe8d0a0e5c4f27ead9083c756cc2,0x6b175474e89094c44da98b954eedeac495271d0f,4.448208443513725,7136.269530972619,
2023-06-14 20:32:35.000 UTC,0x80d4230c0a68fc59cb264329d3a717fcaa472a13,0xe38c63e23798b6894d98266e6ddbd0cbd5a6760a,0xc02aaa39b223fe8d0a0e5c4f27ead9083c756cc2,0xdac17f958d2ee523a2206206994597c13d831ec7,156.79807774822666,2.46764048976e-7,
2023-06-14 20:32:35.000 UTC,0x80d4230c0a68fc59cb264329d3a717fcaa472a13,0x205a61daa83d213d4e87602401f4616486a52058,0xc02aaa39b223fe8d0a0e5c4f27ead9083c756cc2,0xa0b86991c6218b36c1d19d4a2e9eb0ce3606eb48,4.619927255861048,7.268997047e-9,
2023-06-14 20:33:11.000 UTC,0x6dce52e318338b0cc30969ada8e0c95d24c37a28,0x4f1d99b6e2876aafb3e3c1f75120a6344b7965c1,0x2260fac5e5542a773aa44fbcfedf7c193bc2c599,0xdac17f958d2ee523a2206206994597c13d831ec7,6.322408e-12,1.509056531e-9,
2023-06-14 20:59:35.000 UTC,0x50a77ba863dbaa84269133e5625ef80072f1884a,0xae1704ea3747e4861fb7283a9eaa8c70b925295c,0xc02aaa39b223fe8d0a0e5c4f27ead9083c756cc2,0xdac17f958d2ee523a2206206994597c13d831ec7,4.432252794120615,6.939718074e-9,
2023-06-14 20:59:35.000 UTC,0x50a77ba863dbaa84269133e5625ef80072f1884a,0xde092a220313cede58750434b66d46b5ff494cbb,0xc02aaa39b223fe8d0a0e5c4f27ead9083c756cc2,0xa0b86991c6218b36c1d19d4a2e9eb0ce3606eb48,2.0211897366644314,3.163898853e-9,
2023-06-14 23:14:23.000 UTC,0x80d4230c0a68fc59cb264329d3a717fcaa472a13,0x86d396b17860a0bcc4aaa86c4062d9d26e0cb5d7,0xc02aaa39b223fe8d0a0e5c4f27ead9083c756cc2,0xa0b86991c6218b36c1d19d4a2e9eb0ce3606eb48,0.876106768372464,1.382549554e-9,
2023-06-15 01:43:23.000 UTC,0xb206ebe579be55f5b57119bb2e7cc63708eda1aa,0xae5ee34994dce7bace81fab0f163895505f92225,0xc02aaa39b223fe8d0a0e5c4f27ead9083c756cc2,0xa0b86991c6218b36c1d19d4a2e9eb0ce3606eb48,0.6261746732834812,9.91335248e-10,
2023-06-15 01:52:35.000 UTC,0x80d4230c0a68fc59cb264329d3a717fcaa472a13,0x54f9a36bcb815053f8cb37bcb8d7373bfd69c21e,0xc02aaa39b223fe8d0a0e5c4f27ead9083c756cc2,0xdac17f958d2ee523a2206206994597c13d831ec7,0.9691925759274853,1.52685025e-9,
2023-06-15 06:55:47.000 UTC,0x80d4230c0a68fc59cb264329d3a717fcaa472a13,0x1f3c60725065f66748d542493b2cd4eb993cf7ce,0xc02aaa39b223fe8d0a0e5c4f27ead9083c756cc2,0xdac17f958d2ee523a2206206994597c13d831ec7,1.5983306094614755,2.502339075e-9,
2023-06-15 09:48:47.000 UTC,0x80d4230c0a68fc59cb264329d3a717fcaa472a13,0x1b7a9c831b4f2088fa6eae337088ae2fc9913ef5,0x7f39c581f595b53c5cb19bd0b3f8da6c935e2ca0,0xa0b86991c6218b36c1d19d4a2e9eb0ce3606eb48,0.5852480177227306,1.009070766e-9,
2023-06-15 11:38:35.000 UTC,0x1a2d11cb90d1de13bb81ee7b772a08ac234a8058,0x23db246031fd6f4e81b0814e9c1dc0901a18da2d,0xc02aaa39b223fe8d0a0e5c4f27ead9083c756cc2,0xa0b86991c6218b36c1d19d4a2e9eb0ce3606eb48,0.5608926029880714,8.76250678e-10,
2023-06-15 11:56:47.000 UTC,0x1a2d11cb90d1de13bb81ee7b772a08ac234a8058,0xff5f770d5f43237a53a05c9451fbbaa677c3af97,0xc02aaa39b223fe8d0a0e5c4f27ead9083c756cc2,0xa0b86991c6218b36c1d19d4a2e9eb0ce3606eb48,0.5117667552775597,8.03444984e-10,
2023-06-15 12:06:11.000 UTC,0x1a2d11cb90d1de13bb81ee7b772a08ac234a8058,0xff9b90914e248339ab0a50bf4798ef8b012eac79,0xc02aaa39b223fe8d0a0e5c4f27ead9083c756cc2,0xa0b86991c6218b36c1d19d4a2e9eb0ce3606eb48,0.6902655149781944,1.083677984e-9,
2023-06-15 12:40:59.000 UTC,0xee9039d957d313546e6edcab425aa18b7bfd9e45,0xeb350d4315fa5332a0efac7c2365ca2e414acabd,0xc02aaa39b223fe8d0a0e5c4f27ead9083c756cc2,0xa0b86991c6218b36c1d19d4a2e9eb0ce3606eb48,0.3058490343114976,4.80165759e-10,
2023-06-15 12:53:35.000 UTC,0xee9039d957d313546e6edcab425aa18b7bfd9e45,0x9336e67670b8b70abe8753efe7ebf60e6cdd0bed,0x6b175474e89094c44da98b954eedeac495271d0f,0xdac17f958d2ee523a2206206994597c13d831ec7,522.4899816853917,5.07619033e-10,
2023-06-16 18:06:47.000 UTC,0x50a77ba863dbaa84269133e5625ef80072f1884a,0xfad9ea29ae51b72a605c9952fe49048c76109577,0x6b175474e89094c44da98b954eedeac495271d0f,0xbe9895146f7af43049ca1c1ae358b0541ea49704,3136.363874443814,1.715156419210429,
2023-06-19 18:32:35.000 UTC,0x594efbe5a71a10a958d812b4c65f3dfa60922a15,0xaa2a255b2757cce6d77c094b6e06a640a9dace1b,0x7fc66500c84a76ad7e9c93437bfc5ac33e2ddae9,0xa0b86991c6218b36c1d19d4a2e9eb0ce3606eb48,6.269567815688024,3.03838471e-10,
2023-06-21 14:55:35.000 UTC,0x80d4230c0a68fc59cb264329d3a717fcaa472a13,0xec04b73b881ce885358e44be7d0245b144e315bb,0xa0b86991c6218b36c1d19d4a2e9eb0ce3606eb48,0x2260fac5e5542a773aa44fbcfedf7c193bc2c599,8.6974221211e-8,2.85757846e-10,
2023-06-23 15:54:11.000 UTC,0x80d4230c0a68fc59cb264329d3a717fcaa472a13,0x837bbdccac71d15e03a6e8de25ebaecbd003a307,0xc02aaa39b223fe8d0a0e5c4f27ead9083c756cc2,0x514910771af9ca656af840dff83e8264ecf986ca,6.774850107021648,2049.592587192572,
